area,capacity,realty_price,insolation,generation_quantity,economic_feasibility,result
463,35.0,3460.0,3.54,738001.0,142469.0,1
136,10.0,3460.0,3.54,210857.0,38472.0,1
1365,105.0,3460.0,3.54,2214010.0,425693.0,2
359,27.0,146000.0,3.54,569323.0,103878.0,3
30,2.0,58900.0,3.54,42169.0,7694.0,1
765,58.0,58900.0,3.54,1222980.0,236093.0,2
192,14.0,58900.0,3.54,295202.0,53862.0,1
559,43.0,58900.0,3.54,906696.0,175035.0,1
22,1.0,58900.0,3.54,21081.0,3846.0,1
28,2.0,58900.0,3.54,42169.0,7694.0,1
99,7.0,3960.0,3.54,147597.0,26930.0,1
198,15.0,3960.0,3.54,316287.0,57709.0,1
295,22.0,136300.0,3.64,477840.0,87186.0,3
365,28.0,118500.0,3.64,608168.0,110965.0,3
975,75.0,130400.0,3.64,1629004.0,314475.0,2
1842,141.0,139900.0,3.64,3062527.0,577204.0,2
440,33.0,118400.0,3.64,716764.0,138369.0,3
340,26.0,118400.0,3.64,564721.0,103038.0,3
146,11.0,139900.0,3.64,238923.0,43593.0,3
284,21.0,139900.0,3.64,456126.0,69115.0,3
15,1.0,139900.0,3.64,21716.0,3962.0,3
18,1.0,139900.0,3.64,21716.0,3962.0,3
456,35.0,139900.0,3.64,760203.0,146755.0,3
134,10.0,139900.0,3.64,217197.0,39629.0,3
48,3.0,139900.0,3.64,65159.0,11888.0,3
24,1.0,139900.0,3.64,21716.0,3962.0,3
30,2.0,139900.0,3.64,43440.0,7926.0,3
51,3.0,139900.0,3.64,65159.0,11888.0,3
40,3.0,115700.0,3.64,65159.0,11888.0,3
20,1.0,115100.0,3.64,21716.0,3962.0,3
105,8.0,115100.0,3.64,173760.0,31704.0,3
35,2.0,25700.0,3.6,42933.0,7833.0,1
1402,107.0,25700.0,3.6,2296805.0,440900.0,2
1024,78.0,25700.0,3.6,1674304.0,323221.0,2
391,30.0,25700.0,3.6,643966.0,124316.0,1
216,16.0,21900.0,3.6,343444.0,62664.0,1
274,21.0,141000.0,3.6,450777.0,82248.0,3
54,4.0,141000.0,3.6,85858.0,15665.0,3
198,15.0,141000.0,3.6,321985.0,58749.0,3
188,14.0,28200.0,3.6,300516.0,54831.0,1
118,9.0,28200.0,3.6,193196.0,35250.0,1
125,9.0,28200.0,3.6,193196.0,35250.0,1
98,7.0,33900.0,3.6,150260.0,27416.0,1
277,21.0,25700.0,3.6,450777.0,82248.0,1
83,6.0,25700.0,3.6,128792.0,23499.0,1
43,3.0,28200.0,3.6,64397.0,11749.0,1
238,18.0,28200.0,3.6,386373.0,70497.0,1
23,1.0,23500.0,3.6,21462.0,3915.0,1
17,1.0,23500.0,3.6,21462.0,3915.0,1
13,1.0,23500.0,3.6,21462.0,3915.0,1
13,1.0,23500.0,3.6,21462.0,3915.0,1
99,7.0,23500.0,3.6,150260.0,27416.0,1
81,6.0,80100.0,3.6,128792.0,23499.0,3
757,58.0,77200.0,3.6,1244988.0,240342.0,2
973,74.0,59700.0,3.6,1588444.0,306645.0,2
102,7.0,23500.0,3.6,150260.0,27416.0,1
79,6.0,23500.0,3.6,128792.0,23499.0,1
231,17.0,23500.0,3.6,364909.0,66581.0,1
96,7.0,23500.0,3.6,150260.0,27416.0,1
123,9.0,24200.0,3.6,193196.0,35250.0,1
40,3.0,23500.0,3.6,64397.0,11749.0,1
69,5.0,24200.0,3.6,107330.0,19583.0,1
16,1.0,24200.0,3.6,21462.0,3915.0,1
23,1.0,24200.0,3.6,21462.0,3915.0,1
1316,101.0,23500.0,3.6,2168004.0,418192.0,2
36,2.0,24500.0,3.6,42933.0,7833.0,1
119,9.0,23500.0,3.6,193196.0,35250.0,1
1260,96.0,57700.0,3.6,2060685.0,397811.0,2
774,59.0,69900.0,3.6,1266459.0,244487.0,2
99,7.0,69900.0,3.6,150260.0,27416.0,3
50,3.0,23500.0,3.6,64397.0,11749.0,1
593,45.0,69900.0,3.6,965950.0,186474.0,3
140,10.0,69900.0,3.6,214653.0,39165.0,3
118,9.0,2040.0,3.6,193196.0,35250.0,1
21,1.0,2040.0,3.6,21462.0,3915.0,1
317,24.0,38500.0,3.6,515174.0,93998.0,1
442,34.0,49600.0,3.6,729821.0,140890.0,1
106,8.0,101100.0,3.6,171733.0,31334.0,3
321,24.0,42900.0,3.6,515174.0,93998.0,1
992,76.0,1630.0,3.6,1631368.0,314932.0,2
49,3.0,100100.0,3.63,64896.0,11840.0,3
1737,133.0,115500.0,3.63,2877038.0,544252.0,2
30,2.0,33000.0,3.56,42509.0,7756.0,1
23,1.0,33000.0,3.56,21255.0,3878.0,1
23,1.0,33000.0,3.56,21255.0,3878.0,1
780,60.0,111600.0,3.56,1275219.0,246178.0,2
353,27.0,33000.0,3.56,573857.0,104705.0,1
40,3.0,33000.0,3.56,63757.0,11633.0,1
1504,115.0,33000.0,3.56,2444170.0,466725.0,2
265,20.0,33000.0,3.56,425075.0,77558.0,1
440,33.0,33000.0,3.56,701371.0,135398.0,1
42,3.0,33000.0,3.56,63757.0,11633.0,1
213,16.0,33000.0,3.56,340058.0,62046.0,1
1476,113.0,28700.0,3.56,2401683.0,459170.0,2
297,22.0,28700.0,3.56,467579.0,85314.0,1
330,25.0,28700.0,3.56,531339.0,96947.0,1
527,40.0,28700.0,3.56,850157.0,164121.0,1
618,47.0,28700.0,3.56,998922.0,192839.0,1
23,1.0,218900.0,3.49,20827.0,3800.0,3
215,16.0,222500.0,3.49,333137.0,60783.0,3
717,55.0,218900.0,3.49,1145165.0,221071.0,3
417,32.0,136700.0,3.49,666274.0,128622.0,3
304,23.0,222900.0,3.49,478885.0,87376.0,3
112,8.0,126300.0,3.49,166571.0,30392.0,3
26,2.0,126300.0,3.49,41633.0,7596.0,3
69,5.0,126300.0,3.49,104109.0,18995.0,3
377,29.0,126300.0,3.49,603805.0,110169.0,3
79,6.0,126300.0,3.49,124928.0,22794.0,3
707,54.0,119600.0,3.49,1124334.0,217050.0,3
33,2.0,126300.0,3.49,41633.0,7596.0,3
195,15.0,126300.0,3.49,312313.0,56984.0,3
446,34.0,126300.0,3.49,707912.0,136660.0,3
317,24.0,126300.0,3.49,499706.0,91175.0,3
383,29.0,119600.0,3.49,603805.0,110169.0,3
466,35.0,119600.0,3.49,728735.0,140680.0,3
248,19.0,119600.0,3.49,395601.0,72181.0,3
50,3.0,126300.0,3.49,62464.0,11397.0,3
314,24.0,119600.0,3.49,499706.0,91175.0,3
169,13.0,119600.0,3.49,270681.0,49388.0,3
274,21.0,119600.0,3.49,437237.0,79777.0,3
549,42.0,127000.0,3.49,874489.0,168818.0,3
172,13.0,218900.0,3.49,270681.0,49388.0,3
33,2.0,15500.0,3.49,41633.0,7596.0,1
128,9.0,144500.0,3.5,188061.0,34313.0,3
714,54.0,50600.0,3.5,1128406.0,217836.0,2
33,2.0,144500.0,3.5,41791.0,7625.0,3
449,34.0,61800.0,3.5,710478.0,137156.0,1
69,5.0,53400.0,3.5,104482.0,19063.0,1
411,31.0,66500.0,3.5,647781.0,125052.0,1
102,7.0,53400.0,3.5,146264.0,26687.0,1
145,11.0,136400.0,3.5,229858.0,41939.0,3
198,15.0,53400.0,3.5,313439.0,57189.0,1
410,31.0,53400.0,3.5,647781.0,125052.0,1
112,8.0,53400.0,3.5,167169.0,30501.0,1
1911,147.0,53400.0,3.5,3071766.0,577754.0,2
112,8.0,50600.0,3.5,167169.0,30501.0,1
73,5.0,50600.0,3.5,104482.0,19063.0,1
66,5.0,50600.0,3.5,104482.0,19063.0,1
65,5.0,50600.0,3.5,104482.0,19063.0,1
179,13.0,50600.0,3.5,271660.0,49566.0,1
533,41.0,50600.0,3.5,856751.0,165394.0,1
225,17.0,50600.0,3.5,355233.0,64815.0,1
36,2.0,50600.0,3.5,41791.0,7625.0,1
149,11.0,50600.0,3.5,229858.0,41939.0,1
515,39.0,50600.0,3.5,814963.0,157326.0,1
26,2.0,75200.0,3.5,41791.0,7625.0,3
200,15.0,95500.0,3.5,313439.0,57189.0,3
99,7.0,95500.0,3.5,146264.0,26687.0,3
116,8.0,102300.0,3.5,167169.0,30501.0,3
99,7.0,8580.0,3.5,146264.0,26687.0,1
26,2.0,8580.0,3.5,41791.0,7625.0,1
397,30.0,8580.0,3.5,626900.0,121021.0,1
99,7.0,53400.0,3.5,146264.0,26687.0,1
1289,99.0,24400.0,3.5,2068739.0,399365.0,2
396,30.0,53400.0,3.5,626900.0,121021.0,1
99,7.0,53400.0,3.5,146264.0,26687.0,1
99,7.0,53400.0,3.5,146264.0,26687.0,1
227,17.0,53400.0,3.5,355233.0,64815.0,1
198,15.0,53400.0,3.5,313439.0,57189.0,1
188,14.0,102300.0,3.49,291436.0,53175.0,3
1726,132.0,105400.0,3.49,2747774.0,520012.0,2
115,8.0,110300.0,3.49,166533.0,30385.0,3
360,27.0,105400.0,3.49,562048.0,102550.0,3
162,12.0,110000.0,3.49,249802.0,45578.0,3
1839,141.0,105400.0,3.49,2935128.0,553192.0,2
645,49.0,126700.0,3.49,1019270.0,196768.0,3
46,3.0,204200.0,3.45,61787.0,11273.0,3
142,10.0,20400.0,3.55,211774.0,38640.0,1
707,54.0,48000.0,3.55,1142459.0,220549.0,2
321,24.0,48000.0,3.55,507762.0,92645.0,1
89,6.0,48000.0,3.55,126939.0,23161.0,1
657,50.0,48000.0,3.55,1057837.0,204213.0,2
13,1.0,96000.0,3.55,21154.0,3859.0,3
367,28.0,96000.0,3.55,592398.0,108088.0,3
34,2.0,34800.0,3.55,42309.0,7719.0,1
26,2.0,79900.0,3.55,42309.0,7719.0,3
89,6.0,34800.0,3.55,126939.0,23161.0,1
354,27.0,34800.0,3.55,571231.0,104226.0,1
1326,102.0,94100.0,3.55,2157983.0,415924.0,2
493,37.0,94100.0,3.55,782796.0,151117.0,3
374,28.0,94100.0,3.55,592398.0,108088.0,3
51,3.0,34800.0,3.55,63465.0,11579.0,1
22,1.0,94100.0,3.55,21154.0,3859.0,3
266,20.0,20900.0,3.55,423132.0,77204.0,1
132,10.0,110700.0,3.55,211571.0,38603.0,3
198,15.0,94100.0,3.55,317343.0,57902.0,3
1587,122.0,94100.0,3.55,2581120.0,490874.0,2
100,7.0,20400.0,3.55,148235.0,27046.0,1
178,13.0,20400.0,3.55,275306.0,50232.0,1
70,5.0,20400.0,3.55,105880.0,19318.0,1
83,6.0,21100.0,3.55,127060.0,23183.0,1
147,11.0,38500.0,3.55,232944.0,42502.0,1
25,1.0,17100.0,3.55,21173.0,3863.0,1
1557,119.0,31800.0,3.55,2520038.0,480235.0,2
23,1.0,22600.0,3.55,21173.0,3863.0,1
13,1.0,60300.0,3.55,21173.0,3863.0,1
33,2.0,60300.0,3.55,42351.0,7727.0,1
284,21.0,21100.0,3.55,444712.0,81141.0,1
744,57.0,12800.0,3.55,1207075.0,233023.0,2
936,72.0,20400.0,3.55,1524728.0,294345.0,2
1289,99.0,20400.0,3.55,2096503.0,404725.0,2
1650,126.0,20400.0,3.55,2668270.0,506414.0,2
66,5.0,20400.0,3.55,105880.0,19318.0,1
20,1.0,20400.0,3.55,21173.0,3863.0,1
638,49.0,48100.0,3.55,1037657.0,200317.0,2
658,50.0,20400.0,3.55,1058840.0,204406.0,2
529,40.0,35500.0,3.55,847067.0,163524.0,1
17,1.0,108700.0,3.55,21173.0,3863.0,3
52,4.0,108700.0,3.55,84712.0,15456.0,3
46,3.0,108700.0,3.55,63528.0,11591.0,3
327,25.0,100800.0,3.55,529417.0,96597.0,3
32,2.0,108700.0,3.55,42351.0,7727.0,3
1078,82.0,81100.0,3.55,1736505.0,335228.0,2
66,5.0,24400.0,3.55,105880.0,19318.0,1
36,2.0,100800.0,3.55,42351.0,7727.0,3
14,1.0,108700.0,3.55,21173.0,3863.0,3
298,22.0,20400.0,3.55,465884.0,85004.0,1
198,15.0,20400.0,3.55,317654.0,57958.0,1
201,15.0,96300.0,3.78,338364.0,61737.0,3
545,41.0,25900.0,3.75,917189.0,177061.0,1
469,36.0,25900.0,3.75,805334.0,155468.0,1
572,44.0,25900.0,3.75,984305.0,190018.0,1
547,42.0,25900.0,3.75,939557.0,181379.0,1
69,5.0,25900.0,3.75,111852.0,20408.0,1
250,19.0,11500.0,3.75,425036.0,77551.0,1
20,1.0,25900.0,3.75,22370.0,4081.0,1
179,13.0,25900.0,3.75,290817.0,53062.0,1
526,40.0,39500.0,3.75,894405.0,172663.0,1
239,18.0,22700.0,3.75,402486.0,73437.0,1
211,16.0,28200.0,3.74,357434.0,65217.0,1
87,6.0,28200.0,3.74,134043.0,24457.0,1
55,4.0,28200.0,3.74,89358.0,16304.0,1
216,16.0,16900.0,3.74,357434.0,65217.0,1
31,2.0,28200.0,3.74,44677.0,8151.0,1
26,2.0,53700.0,3.78,45074.0,8224.0,1
23,1.0,53700.0,3.78,22541.0,4112.0,1
251,19.0,29500.0,3.78,428211.0,78131.0,1
314,24.0,27900.0,3.78,540896.0,98691.0,1
99,7.0,6370.0,3.78,157760.0,28784.0,1
298,22.0,6760.0,3.78,495825.0,90467.0,1
608,46.0,31800.0,3.79,1040895.0,200942.0,1
48,3.0,152700.0,4.0,71589.0,13062.0,3
229,17.0,48500.0,3.62,367496.0,67053.0,1
284,21.0,7260.0,3.59,449996.0,82105.0,1
169,13.0,7260.0,3.59,278577.0,50828.0,1
991,76.0,7260.0,3.59,1628576.0,314393.0,2
1393,107.0,7260.0,3.59,2292851.0,440141.0,2
709,54.0,7260.0,3.59,1157139.0,223383.0,2
420,32.0,7260.0,3.59,685713.0,132375.0,1
945,72.0,7260.0,3.59,1542855.0,297845.0,2
1343,103.0,7260.0,3.59,2207140.0,425057.0,2
60,4.0,7260.0,3.59,85717.0,15639.0,1
182,14.0,24000.0,3.7,309466.0,56464.0,1
1031,79.0,16900.0,3.7,1746324.0,337124.0,2
129,9.0,4120.0,3.7,198950.0,36300.0,1
311,23.0,3790.0,3.7,508429.0,92767.0,1
1350,103.0,11000.0,3.7,2276856.0,438483.0,2
198,15.0,9240.0,3.7,331579.0,60499.0,1
1091,83.0,1300.0,3.7,1834742.0,354193.0,2
99,7.0,1300.0,3.7,154743.0,28234.0,1
99,7.0,1300.0,3.7,154743.0,28234.0,1
1785,137.0,1310.0,3.7,3028432.0,571717.0,2
1267,97.0,6270.0,3.7,2144224.0,413938.0,2
119,9.0,4290.0,3.7,198945.0,36299.0,1
60,4.0,2780.0,3.7,88419.0,16132.0,1
73,5.0,2900.0,3.7,110530.0,20167.0,1
69,5.0,2900.0,3.7,110530.0,20167.0,1
139,10.0,2900.0,3.7,221049.0,40332.0,1
426,32.0,2900.0,3.7,707373.0,136556.0,1
1762,135.0,2900.0,3.7,2984221.0,564065.0,2
1477,113.0,2900.0,3.7,2497904.0,477566.0,2
350,26.0,1780.0,3.7,574745.0,104867.0,1
17,1.0,2900.0,3.7,22107.0,4033.0,1
344,26.0,2900.0,3.7,574745.0,104867.0,1
797,61.0,2900.0,3.7,1348424.0,260310.0,2
1091,83.0,1830.0,3.7,1834746.0,354194.0,2
198,15.0,1830.0,3.7,331578.0,60499.0,1
893,68.0,2900.0,3.7,1503163.0,290182.0,2
99,7.0,1780.0,3.7,154729.0,28231.0,1
992,76.0,1780.0,3.7,1680011.0,324322.0,2
99,7.0,1780.0,3.7,154729.0,28231.0,1
992,76.0,1780.0,3.7,1680011.0,324322.0,2
198,15.0,1780.0,3.7,331578.0,60499.0,1
1785,137.0,1330.0,3.7,3028436.0,571718.0,2
33,2.0,1330.0,3.7,44210.0,8066.0,1
1190,91.0,1330.0,3.7,2011589.0,388333.0,2
198,15.0,1330.0,3.7,331578.0,60499.0,1
397,30.0,1330.0,3.7,663160.0,128021.0,1
1067,82.0,11200.0,3.66,1791605.0,345865.0,2
1332,102.0,2390.0,3.68,2237153.0,431184.0,2
737,56.0,2390.0,3.68,1228242.0,237109.0,2
43,3.0,30600.0,3.29,58882.0,10743.0,0
60,4.0,9730.0,3.29,78516.0,14325.0,0
182,14.0,23200.0,3.29,274815.0,50142.0,0
704,54.0,16400.0,3.29,1059990.0,204628.0,2
89,6.0,23200.0,3.29,117770.0,21488.0,0
50,3.0,16400.0,3.29,58882.0,10743.0,0
218,16.0,22900.0,3.29,314074.0,57305.0,0
407,31.0,22000.0,3.29,608509.0,117471.0,0
1884,144.0,18200.0,3.29,2826638.0,532087.0,2
99,7.0,5770.0,3.29,137407.0,25071.0,0
73,5.0,9730.0,3.29,98142.0,17906.0,0
2083,160.0,17800.0,3.29,3140700.0,587797.0,2
198,15.0,23200.0,3.29,294438.0,53722.0,0
496,38.0,5770.0,3.29,745917.0,143997.0,0
496,38.0,22000.0,3.29,745917.0,143997.0,0
1091,83.0,5770.0,3.29,1629238.0,314521.0,2
496,38.0,22000.0,3.29,745917.0,143997.0,0
321,24.0,18600.0,3.26,467409.0,85283.0,0
500,38.0,18500.0,3.26,740071.0,142869.0,0
1257,96.0,18600.0,3.26,1869640.0,360930.0,2
995,76.0,19700.0,3.26,1480127.0,285735.0,2
347,26.0,7090.0,3.26,506362.0,92390.0,0
126,9.0,7090.0,3.26,175273.0,31980.0,0
628,48.0,7090.0,3.26,934814.0,180463.0,0
20,1.0,7090.0,3.26,19475.0,3553.0,0
26,2.0,7090.0,3.26,38967.0,7109.0,0
747,57.0,7090.0,3.26,1110094.0,214301.0,2
99,7.0,7090.0,3.26,136326.0,24873.0,0
40,3.0,19700.0,3.26,58417.0,10658.0,0
267,20.0,19700.0,3.26,389509.0,71069.0,0
361,27.0,19700.0,3.26,525834.0,95943.0,0
450,34.0,4950.0,3.26,662162.0,127829.0,0
592,45.0,7090.0,3.26,876389.0,169185.0,0
364,28.0,7090.0,3.26,545317.0,99498.0,0
364,28.0,16300.0,3.26,545317.0,99498.0,0
1494,114.0,19100.0,3.26,2220190.0,424299.0,2
248,19.0,16600.0,3.26,370032.0,67515.0,0
635,48.0,17300.0,3.26,934814.0,180463.0,0
922,70.0,18300.0,3.26,1363270.0,263176.0,2
387,29.0,16400.0,3.26,564787.0,103050.0,0
694,53.0,7090.0,3.26,1032191.0,199262.0,2
992,76.0,4950.0,3.26,1480127.0,285735.0,2
298,22.0,19700.0,3.26,428460.0,78176.0,0
2182,167.0,18500.0,3.26,3252387.0,607439.0,2
793,61.0,18500.0,3.26,1187995.0,229340.0,2
298,22.0,18500.0,3.26,428460.0,78176.0,0
69,5.0,17000.0,3.26,97379.0,17767.0,0
1091,83.0,18500.0,3.26,1616449.0,312052.0,2
1686,129.0,18500.0,3.26,2512325.0,476233.0,2
1022,78.0,6930.0,3.15,1465629.0,282936.0,2
1448,111.0,10300.0,3.15,2085685.0,399402.0,2
96,7.0,5440.0,3.15,131530.0,23998.0,0
764,58.0,5440.0,3.15,1089821.0,210387.0,2
89,6.0,5440.0,3.15,112735.0,20569.0,0
1008,77.0,5440.0,3.15,1446833.0,279308.0,2
13,1.0,5440.0,3.15,18794.0,3429.0,0
139,10.0,5440.0,3.15,187902.0,34284.0,0
56,4.0,5440.0,3.15,75158.0,13713.0,0
707,54.0,1810.0,3.15,1014661.0,195878.0,0
56,4.0,1810.0,3.15,75158.0,13713.0,0
43,3.0,2670.0,3.15,56371.0,10285.0,0
1094,84.0,1810.0,3.15,1578366.0,304700.0,2
93,7.0,1810.0,3.15,131530.0,23998.0,0
112,8.0,2670.0,3.15,150314.0,27426.0,0
53,4.0,2670.0,3.15,75158.0,13713.0,0
73,5.0,1810.0,3.15,93946.0,17141.0,0
635,48.0,2540.0,3.15,901922.0,174114.0,0
382,29.0,3790.0,3.15,544913.0,99424.0,0
522,40.0,10300.0,3.15,751600.0,145094.0,0
183,14.0,7840.0,3.15,263064.0,47998.0,0
76,5.0,5440.0,3.15,93946.0,17141.0,0
393,30.0,3040.0,3.15,563701.0,108821.0,0
298,22.0,990.0,3.15,413382.0,75425.0,0
50,3.0,990.0,3.15,56371.0,10285.0,0
73,5.0,17100.0,3.15,93946.0,17141.0,0
72,5.0,17100.0,3.15,93946.0,17141.0,0
153,11.0,17100.0,3.15,206684.0,37711.0,0
40,3.0,17100.0,3.15,56371.0,10285.0,0
56,4.0,2670.0,3.15,75158.0,13713.0,0
13,1.0,2670.0,3.15,18794.0,3429.0,0
33,2.0,2970.0,3.15,37571.0,6855.0,0
33,2.0,2670.0,3.15,37571.0,6855.0,0
33,2.0,2670.0,3.15,37571.0,6855.0,0
56,4.0,2670.0,3.15,75158.0,13713.0,0
43,3.0,2670.0,3.15,56371.0,10285.0,0
1874,144.0,6150.0,3.15,2705772.0,509335.0,2
450,34.0,6120.0,3.15,638863.0,123331.0,0
202,15.0,8530.0,3.15,281850.0,51426.0,0
356,27.0,7790.0,3.15,507328.0,92566.0,0
365,28.0,6100.0,3.15,526117.0,95994.0,0
121,9.0,3730.0,3.15,169113.0,30856.0,0
169,13.0,6280.0,3.15,244265.0,44568.0,0
433,33.0,17100.0,3.15,620067.0,119702.0,0
175,13.0,17100.0,3.15,244265.0,44568.0,0
543,41.0,17100.0,3.15,770389.0,148722.0,0
46,3.0,6100.0,3.15,56371.0,10285.0,0
405,31.0,22900.0,3.15,582489.0,112448.0,0
300,23.0,22900.0,3.15,432175.0,78854.0,0
93,7.0,6100.0,3.15,131530.0,23998.0,0
1190,91.0,6100.0,3.15,1709887.0,330090.0,2
258,19.0,445.0,3.15,357013.0,65140.0,0
281,21.0,2290.0,3.15,394587.0,71996.0,0
635,48.0,2240.0,3.15,901922.0,174114.0,0
331,25.0,1550.0,3.15,469746.0,85709.0,0
165,12.0,1050.0,3.15,225482.0,41141.0,0
585,45.0,901.0,3.15,845549.0,163231.0,0
873,67.0,7610.0,3.15,1258934.0,243034.0,2
685,52.0,6100.0,3.15,977086.0,188624.0,0
893,68.0,6100.0,3.15,1277721.0,246661.0,2
33,2.0,6100.0,3.15,37571.0,6855.0,0
112,8.0,5110.0,3.15,150314.0,27426.0,0
1385,106.0,4780.0,3.15,1991745.0,382649.0,2
605,46.0,5110.0,3.15,864344.0,166859.0,0
354,27.0,6170.0,3.15,507328.0,92566.0,0
36,2.0,6170.0,3.15,37571.0,6855.0,0
30,2.0,2670.0,3.15,37571.0,6855.0,0
13,1.0,5110.0,3.15,18794.0,3429.0,0
747,57.0,5110.0,3.15,1071030.0,206760.0,2
152,11.0,5110.0,3.15,206684.0,37711.0,0
46,3.0,5110.0,3.15,56371.0,10285.0,0
56,4.0,6170.0,3.15,75158.0,13713.0,0
169,13.0,6260.0,3.15,244265.0,44568.0,0
23,1.0,6330.0,3.15,18794.0,3429.0,0
60,4.0,6170.0,3.15,75158.0,13713.0,0
93,7.0,5110.0,3.15,131530.0,23998.0,0
50,3.0,5110.0,3.15,56371.0,10285.0,0
215,16.0,7450.0,3.15,300646.0,54855.0,0
165,12.0,5110.0,3.15,225482.0,41141.0,0
99,7.0,5110.0,3.15,131530.0,23998.0,0
17,1.0,5110.0,3.15,18794.0,3429.0,0
539,41.0,5110.0,3.15,770389.0,148722.0,0
36,2.0,5110.0,3.15,37571.0,6855.0,0
1266,97.0,12600.0,3.15,1822634.0,351855.0,2
1341,103.0,5110.0,3.15,1935379.0,372720.0,2
289,22.0,6170.0,3.15,413382.0,75425.0,0
91,7.0,6170.0,3.15,131530.0,23998.0,0
283,21.0,2670.0,3.15,394587.0,71996.0,0
73,5.0,5110.0,3.15,93946.0,17141.0,0
137,10.0,5110.0,3.15,187902.0,34284.0,0
71,5.0,10600.0,3.15,93946.0,17141.0,0
496,38.0,5110.0,3.15,714020.0,137840.0,0
397,30.0,5110.0,3.15,563701.0,108821.0,0
99,7.0,5110.0,3.15,131530.0,23998.0,0
1190,91.0,5110.0,3.15,1709887.0,330090.0,2
893,68.0,5110.0,3.15,1277721.0,246661.0,2
2238,172.0,6100.0,3.15,3231879.0,602857.0,2
863,66.0,2540.0,3.15,1240139.0,239406.0,2
840,64.0,2400.0,3.15,1202563.0,232152.0,2
251,19.0,2560.0,3.15,357013.0,65140.0,0
57,4.0,2670.0,3.15,75158.0,13713.0,0
295,22.0,2670.0,3.15,413382.0,75425.0,0
99,7.0,346.0,3.15,131530.0,23998.0,0
46,3.0,346.0,3.15,56371.0,10285.0,0
496,38.0,346.0,3.15,714020.0,137840.0,0
99,7.0,1620.0,3.15,131530.0,23998.0,0
1785,137.0,346.0,3.15,2574234.0,485972.0,2
198,15.0,6350.0,3.15,281850.0,51426.0,0
129,9.0,6930.0,3.15,169113.0,30856.0,0
674,51.0,6450.0,3.15,958297.0,184997.0,0
943,72.0,2430.0,3.15,1352874.0,261169.0,2
145,11.0,2860.0,3.15,206684.0,37711.0,0
1452,111.0,3040.0,3.15,2085685.0,399402.0,2
488,37.0,2550.0,3.15,695226.0,134211.0,0
47,3.0,3660.0,3.15,56371.0,10285.0,0
198,15.0,3960.0,3.15,281850.0,51426.0,0
559,43.0,7090.0,3.15,807970.0,155976.0,0
678,52.0,3300.0,3.15,977086.0,188624.0,0
1587,122.0,429.0,3.15,2292384.0,435963.0,2
893,68.0,429.0,3.15,1277721.0,246661.0,2
694,53.0,429.0,3.15,995872.0,192251.0,0
694,53.0,4070.0,3.15,995872.0,192251.0,0
1091,83.0,429.0,3.15,1559569.0,301071.0,2
1884,144.0,429.0,3.15,2705772.0,509335.0,2
13,1.0,9900.0,2.87,17123.0,3124.0,0
205,15.0,5110.0,2.87,256906.0,46874.0,0
23,1.0,5110.0,2.87,17123.0,3124.0,0
1570,120.0,3790.0,2.87,2055210.0,391335.0,2
1528,117.0,3790.0,2.87,2003837.0,382175.0,2
17,1.0,478.0,2.87,17123.0,3124.0,0
575,44.0,3790.0,2.87,753583.0,145477.0,0
23,1.0,3790.0,2.87,17123.0,3124.0,0
413,31.0,3790.0,2.87,530937.0,102496.0,0
50,3.0,5110.0,2.87,51382.0,9375.0,0
46,3.0,5110.0,2.87,51382.0,9375.0,0
20,1.0,5110.0,2.87,17123.0,3124.0,0
69,5.0,5110.0,2.87,85640.0,15625.0,0
228,17.0,5110.0,2.87,291153.0,53123.0,0
2374,182.0,5110.0,2.87,3117075.0,579750.0,2
122,9.0,5110.0,2.87,154137.0,28123.0,0
56,4.0,5110.0,2.87,68508.0,12499.0,0
136,10.0,5110.0,2.87,171266.0,31249.0,0
36,2.0,5110.0,2.87,34257.0,6250.0,0
155,11.0,5110.0,2.87,188395.0,34374.0,0
423,32.0,5110.0,2.87,548063.0,105802.0,0
720,55.0,5110.0,2.87,941970.0,181845.0,0
675,51.0,5110.0,2.87,873465.0,168620.0,0
456,35.0,5110.0,2.87,599447.0,115722.0,0
221,17.0,3790.0,2.87,291153.0,53123.0,0
337,25.0,3790.0,2.87,428170.0,78123.0,0
416,32.0,9150.0,2.87,548063.0,105802.0,0
53,4.0,9900.0,2.87,68508.0,12499.0,0
80,6.0,9900.0,2.87,102759.0,18749.0,0
56,4.0,5280.0,2.87,68508.0,12499.0,0
122,9.0,5280.0,2.87,154137.0,28123.0,0
46,3.0,3790.0,2.87,51382.0,9375.0,0
23,1.0,5280.0,2.87,17123.0,3124.0,0
23,1.0,5280.0,2.87,17123.0,3124.0,0
198,15.0,445.0,2.87,256906.0,46874.0,0
60,4.0,445.0,2.87,68508.0,12499.0,0
1686,129.0,455.0,2.87,2209358.0,418803.0,2
198,15.0,445.0,2.87,256906.0,46874.0,0
1785,137.0,577.0,2.87,2346374.0,442956.0,2
198,15.0,577.0,2.87,256906.0,46874.0,0
298,22.0,577.0,2.87,376785.0,68747.0,0
1190,91.0,577.0,2.87,1558534.0,300871.0,2
126,9.0,577.0,2.87,154137.0,28123.0,0
99,7.0,445.0,2.87,119889.0,21874.0,0
595,45.0,445.0,2.87,770706.0,148783.0,0
73,5.0,445.0,2.87,85640.0,15625.0,0
397,30.0,445.0,2.87,513800.0,99188.0,0
69,5.0,445.0,2.87,85640.0,15625.0,0
496,38.0,445.0,2.87,650814.0,125638.0,0
99,7.0,445.0,2.87,119889.0,21874.0,0
109,8.0,3460.0,3.01,143862.0,26248.0,0
83,6.0,3460.0,3.01,107893.0,19686.0,0
221,17.0,3460.0,3.01,305687.0,55775.0,0
968,74.0,3460.0,3.01,1330664.0,256882.0,2
20,1.0,3460.0,3.01,17978.0,3280.0,0
344,26.0,3460.0,3.01,467534.0,85305.0,0
109,8.0,3460.0,3.01,143862.0,26248.0,0
17,1.0,5610.0,3.01,17978.0,3280.0,0
575,44.0,4120.0,3.01,791210.0,152741.0,0
621,47.0,5610.0,3.01,845155.0,163155.0,0
572,44.0,5440.0,3.01,791210.0,152741.0,0
516,39.0,3460.0,3.01,701294.0,135383.0,0
20,1.0,3460.0,3.01,17978.0,3280.0,0
291,22.0,4120.0,3.01,395605.0,72181.0,0
393,30.0,4120.0,3.01,539464.0,104142.0,0
1385,106.0,4120.0,3.01,1906097.0,366194.0,2
595,45.0,469.0,3.01,809193.0,156213.0,0
99,7.0,462.0,3.01,125875.0,22967.0,0
79,6.0,511.0,3.01,107893.0,19686.0,0
1091,83.0,1580.0,3.01,1492502.0,288124.0,2
397,30.0,388.0,3.01,539464.0,104142.0,0
992,76.0,1580.0,3.01,1366632.0,263825.0,2
89,6.0,412.0,3.01,107893.0,19686.0,0
1587,122.0,412.0,3.01,2193802.0,417215.0,2
793,61.0,412.0,3.01,1096903.0,211754.0,0
1488,114.0,412.0,3.01,2049947.0,391764.0,2
222,17.0,4780.0,3.01,305687.0,55775.0,0
314,24.0,4780.0,3.01,431572.0,78744.0,0
170,13.0,4780.0,3.01,233761.0,42651.0,0
45,3.0,5000.0,3.01,53944.0,9842.0,0
35,2.0,4990.0,3.01,35961.0,6561.0,0
36,2.0,5110.0,3.01,35961.0,6561.0,0
138,10.0,5110.0,3.01,179821.0,32809.0,0
245,18.0,3460.0,3.01,323676.0,59057.0,0
1101,84.0,4780.0,3.01,1510487.0,291596.0,2
76,5.0,4780.0,3.01,89908.0,16404.0,0
1312,100.0,4780.0,3.01,1798193.0,346998.0,2
46,3.0,4780.0,3.01,53944.0,9842.0,0
36,2.0,5110.0,3.01,35961.0,6561.0,0
109,8.0,4780.0,3.01,143862.0,26248.0,0
13,1.0,5110.0,3.01,17978.0,3280.0,0
17,1.0,5110.0,3.01,17978.0,3280.0,0
73,5.0,5110.0,3.01,89908.0,16404.0,0
169,13.0,3460.0,3.01,233761.0,42651.0,0
241,18.0,3460.0,3.01,323676.0,59057.0,0
119,9.0,4780.0,3.01,161841.0,29529.0,0
1170,90.0,4780.0,3.01,1618383.0,312425.0,2
23,1.0,4780.0,3.01,17978.0,3280.0,0
717,55.0,5110.0,3.01,989011.0,190926.0,0
453,34.0,4780.0,3.01,611389.0,118027.0,0
33,2.0,4780.0,3.01,35961.0,6561.0,0
162,12.0,5110.0,3.01,215778.0,39370.0,0
26,2.0,5110.0,3.01,35961.0,6561.0,0
30,2.0,5110.0,3.01,35961.0,6561.0,0
13,1.0,5110.0,3.01,17978.0,3280.0,0
20,1.0,4780.0,3.01,17978.0,3280.0,0
13,1.0,4780.0,3.01,17978.0,3280.0,0
13,1.0,5110.0,3.01,17978.0,3280.0,0
26,2.0,4780.0,3.01,35961.0,6561.0,0
463,35.0,5050.0,3.01,629372.0,121499.0,0
179,13.0,4780.0,3.01,233761.0,42651.0,0
102,7.0,5110.0,3.01,125875.0,22967.0,0
182,14.0,5050.0,3.01,251744.0,45933.0,0
20,1.0,5110.0,3.01,17978.0,3280.0,0
63,4.0,4780.0,3.01,71922.0,13122.0,0
46,3.0,5110.0,3.01,53944.0,9842.0,0
264,20.0,4780.0,3.01,359637.0,65619.0,0
76,5.0,4780.0,3.01,89908.0,16404.0,0
50,3.0,7920.0,3.01,53944.0,9842.0,0
354,27.0,7380.0,3.01,485509.0,88585.0,0
145,11.0,7680.0,3.01,197800.0,36090.0,0
1626,125.0,6760.0,3.01,2247746.0,426776.0,2
410,31.0,7790.0,3.01,557446.0,107613.0,0
36,2.0,4780.0,3.01,35961.0,6561.0,0
245,18.0,5110.0,3.01,323676.0,59057.0,0
595,45.0,480.0,3.01,809193.0,156213.0,0
992,76.0,495.0,3.01,1366632.0,263825.0,2
893,68.0,495.0,3.01,1222775.0,236054.0,2
496,38.0,478.0,3.01,683311.0,131911.0,0
1091,83.0,412.0,3.01,1492502.0,288124.0,2
298,22.0,402.0,3.01,395605.0,72181.0,0
198,15.0,412.0,3.01,269728.0,49214.0,0
207,15.0,89600.0,3.54,316771.0,57797.0,3
425,32.0,60100.0,3.54,675780.0,130457.0,1
334,25.0,89200.0,3.54,527956.0,96330.0,3
56,4.0,78700.0,3.54,84474.0,15413.0,3
792,60.0,62400.0,3.54,1267080.0,244607.0,2
63,4.0,157000.0,3.62,86472.0,15777.0,3
66,5.0,141300.0,3.62,108086.0,19721.0,3
942,72.0,49800.0,3.62,1556463.0,300472.0,2
93,7.0,157000.0,3.62,151325.0,27610.0,3
33,2.0,105000.0,3.62,43232.0,7888.0,3
1884,144.0,46900.0,3.62,3112915.0,585976.0,2
893,68.0,37700.0,3.62,1469990.0,283778.0,2
66,5.0,42200.0,3.62,108086.0,19721.0,1
60,4.0,48600.0,3.62,86472.0,15777.0,1
298,22.0,53600.0,3.62,475584.0,86774.0,1
208,16.0,43800.0,3.62,345877.0,63108.0,1
539,41.0,15000.0,3.67,897956.0,173348.0,1
182,14.0,15000.0,3.67,306622.0,55946.0,1
33,2.0,15000.0,3.67,43802.0,7992.0,1
51,3.0,102900.0,3.69,66099.0,12060.0,3
21,1.0,102900.0,3.69,22042.0,4021.0,3
23,1.0,96000.0,3.69,22042.0,4021.0,3
30,2.0,96000.0,3.69,44061.0,8039.0,3
483,37.0,96000.0,3.69,815188.0,157370.0,3
53,4.0,96000.0,3.69,88121.0,16078.0,3
165,12.0,96000.0,3.69,264386.0,48239.0,3
43,3.0,96000.0,3.69,66099.0,12060.0,3
208,16.0,96000.0,3.69,352514.0,64319.0,3
1177,90.0,96000.0,3.69,1982895.0,382793.0,2
192,14.0,96000.0,3.69,308453.0,56280.0,3
179,13.0,96000.0,3.69,286421.0,52260.0,3
76,5.0,96000.0,3.69,110162.0,20100.0,3
20,1.0,96000.0,3.69,22042.0,4021.0,3
551,42.0,148900.0,3.69,925355.0,178637.0,3
162,12.0,96000.0,3.69,264386.0,48239.0,3
317,24.0,96000.0,3.69,528773.0,96479.0,3
1131,87.0,96000.0,3.69,1916798.0,370034.0,2
1339,103.0,166000.0,3.69,2269315.0,437030.0,2
20,1.0,84100.0,3.69,22042.0,4021.0,3
96,7.0,84100.0,3.69,154219.0,28138.0,3
502,38.0,84100.0,3.69,837225.0,161624.0,3
122,9.0,84100.0,3.69,198289.0,36179.0,3
1342,103.0,84100.0,3.69,2269315.0,437030.0,2
899,69.0,84100.0,3.69,1520220.0,293475.0,2
69,5.0,84100.0,3.69,110162.0,20100.0,3
182,14.0,84100.0,3.69,308453.0,56280.0,3
215,16.0,84100.0,3.69,352514.0,64319.0,3
76,5.0,84100.0,3.69,110162.0,20100.0,3
66,5.0,84100.0,3.69,110162.0,20100.0,3
116,8.0,84100.0,3.69,176263.0,32160.0,3
374,28.0,84100.0,3.69,616897.0,112558.0,3
274,21.0,84100.0,3.69,462672.0,84418.0,3
53,4.0,84100.0,3.69,88121.0,16078.0,3
86,6.0,84100.0,3.69,132194.0,24120.0,3
43,3.0,84100.0,3.69,66099.0,12060.0,3
268,20.0,84100.0,3.69,440643.0,80399.0,3
496,38.0,84100.0,3.69,837225.0,161624.0,3
298,22.0,84100.0,3.69,484714.0,88440.0,3
1488,114.0,8910.0,3.29,2237748.0,427654.0,2
952,73.0,47200.0,3.26,1421701.0,274456.0,2
782,60.0,17600.0,3.15,1127401.0,217642.0,2
703,54.0,78200.0,3.32,1069360.0,206437.0,2
525,40.0,56500.0,3.32,792116.0,152916.0,1
619,47.0,70300.0,3.29,922577.0,178101.0,3
1200,92.0,31600.0,3.29,1805901.0,348625.0,2
25,1.0,82800.0,3.3,19684.0,3591.0,3
48,3.0,82800.0,3.3,59069.0,10777.0,3
155,11.0,82800.0,3.3,216602.0,39521.0,3
39,3.0,125300.0,3.3,59069.0,10777.0,3
108,8.0,180600.0,3.3,157528.0,28742.0,3
802,61.0,82800.0,3.3,1201166.0,231882.0,2
613,47.0,82800.0,3.3,925484.0,178662.0,3
125,9.0,82800.0,3.3,177223.0,32335.0,3
1585,121.0,30800.0,3.34,2413974.0,459461.0,2
446,34.0,61100.0,3.6,729929.0,140911.0,1
724,55.0,34000.0,3.6,1180762.0,227943.0,2
1681,129.0,36900.0,3.6,2769438.0,524971.0,2
1278,98.0,182600.0,3.6,2102996.0,405979.0,2
1187,91.0,75800.0,3.59,1951424.0,376718.0,2
1713,131.0,75800.0,3.59,2809189.0,531852.0,2
826,63.0,105600.0,3.59,1350991.0,260806.0,2
1379,106.0,75800.0,3.59,2273087.0,436699.0,2
936,72.0,79500.0,3.59,1543984.0,298063.0,2
943,72.0,26400.0,3.58,1539648.0,297225.0,2
1025,78.0,26400.0,3.58,1667943.0,321993.0,2
860,66.0,29200.0,3.58,1411341.0,272456.0,2
688,52.0,13600.0,3.58,1111959.0,214661.0,2
902,69.0,11700.0,3.58,1475486.0,284839.0,2
281,21.0,11700.0,3.58,449066.0,81936.0,1
1345,103.0,23000.0,3.58,2202541.0,424171.0,2
767,59.0,23000.0,3.58,1261656.0,243560.0,2
742,57.0,23000.0,3.58,1218878.0,235301.0,2
978,75.0,23000.0,3.58,1603802.0,309610.0,2
168,12.0,10600.0,3.58,256605.0,46819.0,1
1264,97.0,47500.0,3.59,2077649.0,401085.0,2
152,11.0,20900.0,3.59,235611.0,42989.0,1
1362,104.0,18200.0,3.59,2227578.0,428647.0,2
1699,130.0,6930.0,3.59,2784472.0,527389.0,2
218,16.0,13500.0,3.59,342705.0,62529.0,1
393,30.0,2970.0,3.59,642567.0,124046.0,1
1101,84.0,38900.0,3.59,1799201.0,347332.0,2
800,61.0,40800.0,3.59,1306556.0,252228.0,2
502,38.0,59100.0,3.59,813917.0,157125.0,1
605,46.0,59000.0,3.59,985274.0,190205.0,1
1220,93.0,50400.0,3.59,1991964.0,384544.0,2
892,68.0,82300.0,3.59,1456504.0,281175.0,2
1886,145.0,66400.0,3.59,3105759.0,584388.0,2
1418,109.0,50800.0,3.59,2334670.0,447625.0,2
955,73.0,23800.0,3.59,1563587.0,301847.0,2
1072,82.0,51000.0,3.59,1756360.0,339061.0,2
486,37.0,56800.0,3.59,792507.0,152991.0,1
410,31.0,56800.0,3.59,663996.0,128183.0,1
661,50.0,57000.0,3.59,1070952.0,206745.0,2
496,38.0,23800.0,3.59,813917.0,157125.0,1
568,43.0,53300.0,3.59,921014.0,177799.0,1
32,2.0,23800.0,3.59,42844.0,7817.0,1
34,2.0,15400.0,3.59,42844.0,7817.0,1
883,67.0,52900.0,3.59,1435076.0,277038.0,2
1686,129.0,104200.0,3.59,2763052.0,523760.0,2
694,53.0,32500.0,3.59,1135205.0,219149.0,2
1910,146.0,46300.0,3.59,3127182.0,588177.0,2
866,66.0,54100.0,3.59,1413657.0,272903.0,2
360,27.0,51400.0,3.59,578315.0,105518.0,1
159,12.0,26100.0,3.59,257025.0,46896.0,1
1908,146.0,26100.0,3.59,3127182.0,588177.0,2
826,63.0,26100.0,3.59,1349401.0,260499.0,2
1666,128.0,65400.0,3.59,2741632.0,519912.0,2
1785,137.0,58700.0,3.59,2934411.0,553967.0,2
939,72.0,26400.0,3.58,1539648.0,297225.0,2
1084,83.0,25700.0,3.58,1774865.0,342634.0,2
79,6.0,30100.0,3.58,128300.0,23409.0,1
806,62.0,34500.0,3.58,1325800.0,255943.0,2
486,37.0,31700.0,3.58,791202.0,152739.0,1
413,31.0,12000.0,3.58,662438.0,127882.0,1
1223,94.0,20600.0,3.58,2008661.0,387767.0,2
1190,91.0,31300.0,3.58,1944554.0,375392.0,2
747,57.0,18600.0,3.62,1229726.0,237396.0,2
704,54.0,24500.0,3.62,1165002.0,224901.0,2
1628,125.0,18600.0,3.62,2696783.0,512035.0,2
761,58.0,19900.0,3.59,1242851.0,239929.0,2
50,3.0,10200.0,3.59,64286.0,11729.0,1
1273,97.0,10200.0,3.59,2078565.0,401262.0,2
50,3.0,10200.0,3.59,64286.0,11729.0,1
761,58.0,19900.0,3.59,1242851.0,239929.0,2
50,3.0,10200.0,3.59,64286.0,11729.0,1
1273,97.0,10200.0,3.59,2078565.0,401262.0,2
50,3.0,10200.0,3.59,64286.0,11729.0,1
737,56.0,10200.0,3.59,1200001.0,231657.0,2
205,15.0,32900.0,3.59,321431.0,58648.0,1
23,1.0,15000.0,3.59,21421.0,3908.0,1
238,18.0,35300.0,3.59,385707.0,70375.0,1
1005,77.0,19900.0,3.59,1649997.0,318528.0,2
30,2.0,19900.0,3.59,42864.0,7820.0,1
1191,91.0,19900.0,3.59,1950000.0,376443.0,2
301,23.0,19900.0,3.59,492857.0,89926.0,1
1008,77.0,19900.0,3.59,1649997.0,318528.0,2
438,33.0,10200.0,3.59,707137.0,136511.0,1
129,9.0,15000.0,3.59,192851.0,35187.0,1
704,54.0,24500.0,3.62,1165002.0,224901.0,2
1628,125.0,18600.0,3.62,2696783.0,512035.0,2
443,34.0,16900.0,3.59,728562.0,140647.0,1
760,58.0,17600.0,3.59,1242851.0,239929.0,2
760,58.0,17600.0,3.59,1242851.0,239929.0,2
271,20.0,19600.0,3.59,428579.0,78198.0,1
324,24.0,24000.0,3.59,514282.0,93835.0,1
1164,89.0,101100.0,3.59,1907133.0,368168.0,2
1238,95.0,58400.0,3.59,2035706.0,392988.0,2
275,21.0,7260.0,3.59,449996.0,82105.0,1
142,10.0,7260.0,3.59,214287.0,39098.0,1
1233,94.0,7260.0,3.59,2014280.0,388852.0,2
1825,140.0,19900.0,3.59,2999993.0,565650.0,2
853,65.0,7920.0,3.59,1392851.0,268887.0,2
1505,115.0,8960.0,3.59,2464277.0,470564.0,2
443,34.0,16900.0,3.59,728562.0,140647.0,1
760,58.0,17600.0,3.59,1242851.0,239929.0,2
760,58.0,17600.0,3.59,1242851.0,239929.0,2
271,20.0,19600.0,3.59,428579.0,78198.0,1
324,24.0,24000.0,3.59,514282.0,93835.0,1
1164,89.0,101100.0,3.59,1907133.0,368168.0,2
1238,95.0,58400.0,3.59,2035706.0,392988.0,2
142,10.0,7260.0,3.59,214287.0,39098.0,1
1233,94.0,7260.0,3.59,2014280.0,388852.0,2
1825,140.0,19900.0,3.59,2999993.0,565650.0,2
853,65.0,7920.0,3.59,1392851.0,268887.0,2
1505,115.0,8960.0,3.59,2464277.0,470564.0,2
298,22.0,5590.0,3.6,472197.0,86156.0,1
112,8.0,7920.0,3.59,171426.0,31278.0,1
23,1.0,36300.0,3.59,21421.0,3908.0,1
470,36.0,4780.0,3.59,771433.0,148923.0,1
331,25.0,36800.0,3.59,535716.0,97746.0,1
238,18.0,13000.0,3.59,385707.0,70375.0,1
331,25.0,36800.0,3.59,535716.0,97746.0,1
171,13.0,4780.0,3.59,278577.0,50828.0,1
48,3.0,24000.0,3.59,64286.0,11729.0,1
38,2.0,24000.0,3.59,42864.0,7820.0,1
